{"cameraMode":{"drawMode":0,"name":"Shaded","section":"Shading Mode"},"sceneLighting":false,"audioPlay":false,"sceneViewState":{"m_AlwaysRefresh":false,"showFog":true,"showSkybox":false,"showFlares":true,"showImageEffects":true,"showParticleSystems":true,"showVisualEffectGraphs":true,"m_FxEnabled":true},"in2DMode":false,"pivot":{"x":-2.594935417175293,"y":1.5250003337860108,"z":1.917499303817749},"rotation":{"x":0.030940456315875055,"y":-0.12501652538776399,"z":-0.003911695443093777,"w":-0.9916949272155762},"size":0.8724964261054993,"orthographic":false}